{
  "train_loss": [
    3383.9997802734374,
    3168.6865283203124,
    1087.193848876953,
    264.279128112793,
    185.61835693359376,
    169.56905639648437,
    151.43011489868164,
    140.09607376098631,
    133.5851049041748,
    138.2821932220459,
    133.67223602294922,
    127.85567825317383,
    114.14961273193359,
    102.60617568969727,
    96.44463401794434,
    89.47287483215332,
    87.5014804840088,
    86.83452796936035,
    79.50059860229493,
    79.20937141418457,
    81.90690910339356,
    76.89158294677735,
    74.10575141906739,
    75.09433563232422,
    70.02729850769043,
    73.47516075134277,
    71.69681137084962,
    74.24840454101563,
    70.18983158111573,
    69.61921348571778,
    74.40281181335449,
    68.95218933105468,
    71.3626887512207,
    70.93504089355469,
    66.2497562789917,
    66.98714004516602,
    64.94418838500977,
    65.47489753723144,
    65.27864559173584,
    69.26379619598389,
    66.28212940216065,
    66.47878479003906,
    62.927199821472165,
    64.39901229858398,
    60.8488765335083
  ],
  "val_loss": [
    3332.767160644531,
    2523.4978637695312,
    265.38944580078123,
    109.18319447517395,
    85.05400636196137,
    80.88686649441719,
    64.34845425128937,
    60.3971303653717,
    60.61148811578751,
    60.46085758328438,
    46.82238283872604,
    44.89460518836975,
    34.104379847049714,
    40.26844276666641,
    28.546797931194305,
    25.155817660987378,
    29.40452622413635,
    20.675769345760344,
    21.417152925133706,
    21.498987860679627,
    19.01507573008537,
    20.047425727248193,
    21.183913271427155,
    18.3434333217144,
    22.22805608391762,
    19.388253333568574,
    18.97292643070221,
    17.813339531719684,
    18.01111499488354,
    18.241036472916605,
    28.37410404443741,
    20.726977989673614,
    17.840532623529434,
    17.36708891749382,
    17.02067337393761,
    18.780302066206932,
    18.809996452331543,
    17.49843553364277,
    19.896065735816954,
    26.625144357681275,
    28.825983963012696,
    17.445187106728554,
    21.738357656002044,
    17.217103990316392,
    21.950451426506042
  ],
  "learning_rate": [
    0.0001,
    9.755282581475769e-05,
    9.045084971874738e-05,
    7.938926261462366e-05,
    6.545084971874738e-05,
    5e-05,
    3.4549150281252636e-05,
    2.061073738537635e-05,
    9.549150281252633e-06,
    2.4471741852423237e-06,
    0.0001,
    9.938441702975689e-05,
    9.755282581475769e-05,
    9.45503262094184e-05,
    9.045084971874738e-05,
    8.535533905932738e-05,
    7.938926261462366e-05,
    7.269952498697734e-05,
    6.545084971874738e-05,
    5.782172325201155e-05,
    5e-05,
    4.217827674798847e-05,
    3.4549150281252636e-05,
    2.7300475013022663e-05,
    2.061073738537635e-05,
    1.4644660940672627e-05,
    9.549150281252633e-06,
    5.449673790581611e-06,
    2.4471741852423237e-06,
    6.15582970243117e-07,
    0.0001,
    9.98458666866564e-05,
    9.938441702975689e-05,
    9.861849601988383e-05,
    9.755282581475769e-05,
    9.619397662556435e-05,
    9.45503262094184e-05,
    9.263200821770461e-05,
    9.045084971874738e-05,
    8.802029828000156e-05,
    8.535533905932738e-05,
    8.247240241650919e-05,
    7.938926261462366e-05,
    7.612492823579745e-05,
    7.269952498697734e-05
  ]
}