{
  "train_loss": [
    1.914070963859558,
    1.9031046628952026,
    1.885506510734558,
    1.8950378894805908,
    1.900162696838379,
    1.8810054063796997,
    1.8851046562194824,
    1.8634884357452393,
    1.878822684288025,
    1.8761321306228638,
    1.8950378894805908,
    1.8947057723999023,
    1.885884165763855,
    1.895943284034729,
    1.890017032623291,
    1.8991066217422485,
    1.8851516246795654,
    1.8552277088165283,
    1.8572355508804321,
    1.870438575744629,
    1.8806782960891724,
    1.8576862812042236,
    1.903576374053955,
    1.8682116270065308,
    1.8633095026016235,
    1.8844040632247925,
    1.8504886627197266,
    1.872130274772644,
    1.8599140644073486,
    1.8492366075515747,
    1.8933008909225464,
    1.8392174243927002,
    1.8471742868423462,
    1.8448854684829712,
    1.8632644414901733,
    1.8534011840820312,
    1.8725687265396118,
    1.8472133874893188,
    1.8607877492904663,
    1.8616331815719604,
    1.8493026494979858,
    1.8743276596069336,
    1.8642337322235107,
    1.8505938053131104,
    1.8431141376495361,
    1.8742276430130005,
    1.8675940036773682,
    1.8571951389312744,
    1.8608405590057373,
    1.853153944015503
  ],
  "val_loss": [
    1.695115089416504,
    1.6993863582611084,
    1.6988739967346191,
    1.709936499595642,
    1.7050330638885498,
    1.688965082168579,
    1.6979349851608276,
    1.698401927947998,
    1.7020186185836792,
    1.7141413688659668,
    1.712357997894287,
    1.7242728471755981,
    1.7282636165618896,
    1.7273274660110474,
    1.7285019159317017,
    1.748819351196289,
    1.7443265914916992,
    1.7170088291168213,
    1.7147918939590454,
    1.727812647819519,
    1.7095431089401245,
    1.7225172519683838,
    1.7246606349945068,
    1.7457371950149536,
    1.7274134159088135,
    1.6973788738250732,
    1.7254856824874878,
    1.717159390449524,
    1.7438639402389526,
    1.7351393699645996,
    1.7161332368850708,
    1.7193357944488525,
    1.7068175077438354,
    1.7012008428573608,
    1.7157713174819946,
    1.7069823741912842,
    1.7010117769241333,
    1.7046006917953491,
    1.7215328216552734,
    1.691178560256958,
    1.7252875566482544,
    1.6972557306289673,
    1.748964548110962,
    1.694421410560608,
    1.716423511505127,
    1.7056891918182373,
    1.760772466659546,
    1.727209210395813,
    1.7016379833221436,
    1.7207181453704834
  ]
}