{
  "overall": {
    "MAE": {
      "WTI": 4.850698947906494,
      "Brent": 5.262142658233643,
      "OPEC": 4.833534240722656,
      "ESPO": 4.322250843048096,
      "Indian": 4.997286796569824
    },
    "RMSE": {
      "WTI": 6.48253059387207,
      "Brent": 7.246726036071777,
      "OPEC": 6.75446081161499,
      "ESPO": 5.588193893432617,
      "Indian": 7.057658672332764
    },
    "MAPE": {
      "WTI": 6.090163230895996,
      "Brent": 6.200762748718262,
      "OPEC": 5.77362585067749,
      "ESPO": 5.924145698547363,
      "Indian": 5.95768928527832
    },
    "R2": {
      "WTI": 0.7671532034873962,
      "Brent": 0.7418204545974731,
      "OPEC": 0.7639840245246887,
      "ESPO": 0.6695460081100464,
      "Indian": 0.7099047303199768
    },
    "DA": {
      "WTI": 51.09628217349857,
      "Brent": 50.23832221163013,
      "OPEC": 48.33174451858913,
      "ESPO": 47.09246901811249,
      "Indian": 43.088655862726405
    },
    "MAE_mean": 4.853182792663574,
    "RMSE_mean": 6.625914096832275,
    "MAPE_mean": 5.989277362823486,
    "R2_mean": 0.7304816246032715,
    "DA_mean": 47.969494756911345
  },
  "calm": {
    "MAE": {
      "WTI": 1.4263582229614258,
      "Brent": 1.4543046951293945,
      "OPEC": 1.861328125,
      "ESPO": 2.5754623413085938,
      "Indian": 1.9687442779541016
    },
    "RMSE": {
      "WTI": 1.5318186283111572,
      "Brent": 1.828274130821228,
      "OPEC": 2.2264838218688965,
      "ESPO": 2.9915220737457275,
      "Indian": 2.3182411193847656
    },
    "MAPE": {
      "WTI": 1.540452480316162,
      "Brent": 1.48032546043396,
      "OPEC": 1.9452279806137085,
      "ESPO": 2.6677215099334717,
      "Indian": 2.0663249492645264
    },
    "R2": {
      "WTI": -0.25568854808807373,
      "Brent": 0.01776134967803955,
      "OPEC": -1.441086769104004,
      "ESPO": -2.7497541904449463,
      "Indian": -1.6507248878479004
    },
    "DA": {
      "WTI": 57.14285714285714,
      "Brent": 71.42857142857143,
      "OPEC": 28.57142857142857,
      "ESPO": 42.857142857142854,
      "Indian": 14.285714285714285
    },
    "MAE_mean": 1.8572394847869873,
    "RMSE_mean": 2.1792678833007812,
    "MAPE_mean": 1.94001042842865,
    "R2_mean": -1.2158986330032349,
    "DA_mean": 42.85714285714285
  },
  "crisis": {
    "MAE": {
      "WTI": 4.876989364624023,
      "Brent": 5.291377544403076,
      "OPEC": 4.856353282928467,
      "ESPO": 4.335662364959717,
      "Indian": 5.020538806915283
    },
    "RMSE": {
      "WTI": 6.505983352661133,
      "Brent": 7.2727274894714355,
      "OPEC": 6.777533054351807,
      "ESPO": 5.6034770011901855,
      "Indian": 7.081787109375
    },
    "MAPE": {
      "WTI": 6.125094413757324,
      "Brent": 6.237004280090332,
      "OPEC": 5.803019046783447,
      "ESPO": 5.9491472244262695,
      "Indian": 5.987565517425537
    },
    "R2": {
      "WTI": 0.7650911808013916,
      "Brent": 0.7394956350326538,
      "OPEC": 0.7627050876617432,
      "ESPO": 0.6564005017280579,
      "Indian": 0.7079640626907349
    },
    "DA": {
      "WTI": 51.008645533141205,
      "Brent": 50.048030739673386,
      "OPEC": 48.51104707012488,
      "ESPO": 47.166186359269936,
      "Indian": 43.32372718539865
    },
    "MAE_mean": 4.876184463500977,
    "RMSE_mean": 6.648301601409912,
    "MAPE_mean": 6.020366191864014,
    "R2_mean": 0.726331353187561,
    "DA_mean": 48.01152737752161
  }
}