{
  "overall": {
    "MAE": {
      "WTI": 2.484255075454712,
      "Brent": 2.614884614944458,
      "OPEC": 2.3863141536712646,
      "ESPO": 2.2996742725372314,
      "Indian": 2.4811158180236816
    },
    "RMSE": {
      "WTI": 3.633275270462036,
      "Brent": 3.8567681312561035,
      "OPEC": 3.8252110481262207,
      "ESPO": 3.4459705352783203,
      "Indian": 4.136828899383545
    },
    "MAPE": {
      "WTI": 3.096869707107544,
      "Brent": 3.0624797344207764,
      "OPEC": 2.8094236850738525,
      "ESPO": 3.1051440238952637,
      "Indian": 2.9117238521575928
    },
    "R2": {
      "WTI": 0.9269735217094421,
      "Brent": 0.9270520210266113,
      "OPEC": 0.9279897212982178,
      "ESPO": 0.8787000179290771,
      "Indian": 0.9091745615005493
    },
    "DA": {
      "WTI": 48.95833333333333,
      "Brent": 46.30681818181818,
      "OPEC": 51.23106060606061,
      "ESPO": 49.43181818181818,
      "Indian": 44.88636363636363
    },
    "MAE_mean": 2.4532485008239746,
    "RMSE_mean": 3.7796108722686768,
    "MAPE_mean": 2.9971282482147217,
    "R2_mean": 0.9139779806137085,
    "DA_mean": 48.16287878787879
  },
  "calm": {
    "MAE": {
      "WTI": 1.2597427368164062,
      "Brent": 1.383387565612793,
      "OPEC": 1.5316486358642578,
      "ESPO": 2.222275733947754,
      "Indian": 1.6667604446411133
    },
    "RMSE": {
      "WTI": 1.444697618484497,
      "Brent": 1.8420352935791016,
      "OPEC": 2.027196168899536,
      "ESPO": 2.7530148029327393,
      "Indian": 2.1081833839416504
    },
    "MAPE": {
      "WTI": 1.3595659732818604,
      "Brent": 1.4088035821914673,
      "OPEC": 1.600049614906311,
      "ESPO": 2.3036301136016846,
      "Indian": 1.7501026391983032
    },
    "R2": {
      "WTI": -0.11691761016845703,
      "Brent": 0.0029193758964538574,
      "OPEC": -1.023651361465454,
      "ESPO": -2.175670623779297,
      "Indian": -1.192119836807251
    },
    "DA": {
      "WTI": 42.857142857142854,
      "Brent": 28.57142857142857,
      "OPEC": 42.857142857142854,
      "ESPO": 71.42857142857143,
      "Indian": 42.857142857142854
    },
    "MAE_mean": 1.6127630472183228,
    "RMSE_mean": 2.0350253582000732,
    "MAPE_mean": 1.684430480003357,
    "R2_mean": -0.9010879397392273,
    "DA_mean": 45.714285714285715
  },
  "crisis": {
    "MAE": {
      "WTI": 2.493593454360962,
      "Brent": 2.624276638031006,
      "OPEC": 2.3928322792053223,
      "ESPO": 2.300264358520508,
      "Indian": 2.48732590675354
    },
    "RMSE": {
      "WTI": 3.6449203491210938,
      "Brent": 3.86810302734375,
      "OPEC": 3.835686445236206,
      "ESPO": 3.4507205486297607,
      "Indian": 4.148489952087402
    },
    "MAPE": {
      "WTI": 3.110118865966797,
      "Brent": 3.0750911235809326,
      "OPEC": 2.8186471462249756,
      "ESPO": 3.1112563610076904,
      "Indian": 2.9205827713012695
    },
    "R2": {
      "WTI": 0.9263979196548462,
      "Brent": 0.9265021085739136,
      "OPEC": 0.9277358651161194,
      "ESPO": 0.8744958639144897,
      "Indian": 0.9087678790092468
    },
    "DA": {
      "WTI": 49.04580152671756,
      "Brent": 46.37404580152672,
      "OPEC": 51.24045801526718,
      "ESPO": 49.23664122137404,
      "Indian": 44.94274809160305
    },
    "MAE_mean": 2.45965838432312,
    "RMSE_mean": 3.7895843982696533,
    "MAPE_mean": 3.0071394443511963,
    "R2_mean": 0.9127799272537231,
    "DA_mean": 48.16793893129771
  }
}