{
  "timestamp": "2025-10-23T12:43:24.570718",
  "model_type": "Real-time Bi-LSTM (Real Data + News)",
  "metrics": {
    "mse": 0.0018995341136706127,
    "mae": 0.028073623462414606,
    "rmse": 0.04358364502506201,
    "r2": 0.9980017751422358,
    "mape": 16.319422822892687
  },
  "training_history": {
    "train_losses": [
      0.43087523692363017,
      0.055550466895707556,
      0.04301694449591073,
      0.053619312449685624,
      0.04460324689343169,
      0.043921407639376214,
      0.03791112586151104,
      0.04266708590895743,
      0.032564590987120126,
      0.03620331943337176,
      0.03948637079195799,
      0.034694552346057186,
      0.03416771079237397,
      0.031579846705033165,
      0.03402287876736876,
      0.03425387548584793,
      0.030300952091410354,
      0.03208552791132919,
      0.030841419089434517,
      0.030669291415629355,
      0.02972458632713234,
      0.029637457274303242,
      0.028065219093617554,
      0.027997379908589897,
      0.026872521719417057,
      0.026700775793476683,
      0.02822232582430179,
      0.025727965315250127,
      0.02550755104528287,
      0.026308180449681508,
      0.027091629199079564,
      0.02462914026015111,
      0.02274167663543611,
      0.025524118436953507,
      0.02418537066645316,
      0.024582407827413565,
      0.02225835621356964,
      0.023188735786322003,
      0.02121518210608613,
      0.022759799820345802,
      0.02305594800241493,
      0.024091012360578454,
      0.026617658651761106,
      0.021948693143958982,
      0.023109718546825083,
      0.02466854320939731,
      0.022720343080928195,
      0.023670187131879298,
      0.021387869460709596,
      0.02102063168972932,
      0.02134640799281565,
      0.021376113935902313,
      0.023255473166402127,
      0.023509777667051233,
      0.02092172237541023,
      0.02313623868080007,
      0.021190876657193578,
      0.020438106579555047,
      0.021699829983550148,
      0.022208647437494348,
      0.020669999198887398,
      0.020297384934147466,
      0.0221182754439478,
      0.02099977638194891,
      0.021923496048092038,
      0.022825871304785077,
      0.02148795244913246,
      0.020805079345213803,
      0.021507950537410135,
      0.02121249763798472,
      0.02200587894264105,
      0.020640835788956768,
      0.02113060328505329,
      0.020450198941083776,
      0.021191365777741413,
      0.020519828165856166,
      0.02073341390948642,
      0.020427475041533645,
      0.020935688457275566,
      0.022322103607694845,
      0.02181093894398293,
      0.02228520001989563,
      0.020772762174994963,
      0.021652782014948694,
      0.019244957199269854,
      0.019755336934247532,
      0.020154183541701454,
      0.02298194621815472,
      0.01900389721315052,
      0.021156289879031277,
      0.019971222774050123,
      0.021666013371400738,
      0.02028812817927148,
      0.020801309282211838,
      0.022205489750548795
    ],
    "val_losses": [
      0.018300891363699185,
      0.02091823469259237,
      0.013445378624294934,
      0.01200975909044868,
      0.00834528850636592,
      0.007385616729918279,
      0.007140235117587604,
      0.015796597115695477,
      0.009327421602057783,
      0.005656864132585102,
      0.009743531847274617,
      0.0056093685132892505,
      0.006483281080267932,
      0.006515213717265348,
      0.013330029225663134,
      0.005996525753289461,
      0.0033378388891976917,
      0.003408615327268643,
      0.0029629393370429937,
      0.005902777781317893,
      0.005150959128513932,
      0.004573499857399024,
      0.005423079244792461,
      0.004125748270828473,
      0.0035424752062872835,
      0.007560893145732973,
      0.0036871271134403193,
      0.0022628303635620363,
      0.002936857158171111,
      0.0027879089987101523,
      0.004787828932565294,
      0.002940656758207632,
      0.0059647604234908756,
      0.004235546852118875,
      0.0021078516085828213,
      0.003465978391958695,
      0.0023164108677424097,
      0.0026260325501329803,
      0.002438925519144457,
      0.004296900912825214,
      0.0019493583209910675,
      0.005878462174319123,
      0.002531498431620237,
      0.0022182296134384445,
      0.003248930271518858,
      0.005064381231357784,
      0.0025975772694341445,
      0.0017926476767139608,
      0.002795431664899776,
      0.0018361304874384874,
      0.002537687192671001,
      0.0021325073290714308,
      0.002016129940258045,
      0.0027269929598428702,
      0.0021526782105578796,
      0.0017447439298082731,
      0.001754651685539437,
      0.0017530288957794639,
      0.0016276009295037703,
      0.002351430486765151,
      0.0021445248704893807,
      0.0018100446506746505,
      0.0017320405030132908,
      0.0017308785923217471,
      0.001672998151901227,
      0.0017577203689143062,
      0.0018862843587014236,
      0.0019222320222884025,
      0.0016242636821085686,
      0.0016590462274555314,
      0.001824273801359691,
      0.00163247416984584,
      0.00181592156265029,
      0.0016924214341040504,
      0.0016017430952112925,
      0.001714402874073896,
      0.001920625588881146,
      0.0018949710892660445,
      0.0016766449124062139,
      0.0016760889986088795,
      0.0015547123039141297,
      0.0016354808574664946,
      0.0021665727560359394,
      0.0016334706758099951,
      0.0015443530803742377,
      0.0015732670558224384,
      0.0015774499563696353,
      0.0016591424202105326,
      0.0015804364934171502,
      0.0015584234788548201,
      0.0017464655898756494,
      0.001899054473094446,
      0.0016530524743230718,
      0.0016418001920867123,
      0.001671635574894026
    ],
    "best_val_loss": 0.0015443530803742377
  },
  "config": {
    "data_sources": {
      "yahoo_finance": {
        "symbols": [
          "CL=F",
          "NG=F",
          "CO1=F",
          "EL=F"
        ],
        "period": "5y"
      },
      "gdelt": {
        "api_url": "https://api.gdeltproject.org/api/v2/doc/doc",
        "max_records": 1000
      },
      "newsapi": {
        "keywords": [
          "energy",
          "oil",
          "gas",
          "coal",
          "electricity",
          "geopolitical",
          "sanctions",
          "trade"
        ],
        "language": "en",
        "sort_by": "publishedAt"
      },
      "policy_uncertainty": {
        "gpr_url": "https://www.policyuncertainty.com/media/GPR_Data_Excel.xlsx",
        "epu_url": "https://www.policyuncertainty.com/media/EPU_Data_Excel.xlsx"
      }
    },
    "model": {
      "sequence_length": 30,
      "forecast_horizon": 1,
      "forecast_horizons": [
        1,
        3,
        7,
        14,
        30
      ],
      "temporal_input_size": 20,
      "contextual_input_size": 10,
      "hidden_size": 128,
      "num_layers": 2,
      "dropout": 0.3,
      "attention_heads": 8,
      "learning_rate": 0.001,
      "batch_size": 32,
      "epochs": 100,
      "early_stopping_patience": 10
    },
    "features": {
      "technical_indicators": [
        "rsi",
        "macd",
        "bollinger_bands",
        "volatility",
        "volume_ratio"
      ],
      "ripple_effect": {
        "trade_weight_threshold": 0.01,
        "tone_threshold": -2.0,
        "goldstein_threshold": 0.5
      }
    },
    "training": {
      "test_size": 0.2,
      "validation_size": 0.2,
      "random_state": 42,
      "shuffle": true
    },
    "evaluation": {
      "metrics": [
        "accuracy",
        "precision_macro",
        "recall_macro",
        "f1_macro",
        "roc_auc"
      ],
      "plot_attention": true,
      "save_predictions": true
    }
  },
  "data_info": {
    "total_samples": 737,
    "sequence_length": 30,
    "temporal_features": 20,
    "contextual_features": 10
  }
}