{
  "overall": {
    "MAE": {
      "WTI": 1.1527820825576782,
      "Brent": 1.1898579597473145,
      "OPEC": 1.0544267892837524,
      "ESPO": 1.1061434745788574,
      "Indian": 1.0656147003173828
    },
    "RMSE": {
      "WTI": 1.6979765892028809,
      "Brent": 1.718409538269043,
      "OPEC": 1.7323129177093506,
      "ESPO": 1.78480064868927,
      "Indian": 1.77597177028656
    },
    "MAPE": {
      "WTI": 1.4356951713562012,
      "Brent": 1.3977324962615967,
      "OPEC": 1.2215840816497803,
      "ESPO": 1.4601128101348877,
      "Indian": 1.2308224439620972
    },
    "R2": {
      "WTI": 0.9840646982192993,
      "Brent": 0.9855449199676514,
      "OPEC": 0.9859446287155151,
      "ESPO": 0.9685714244842529,
      "Indian": 0.9844432473182678
    },
    "DA": {
      "WTI": 57.88479697828139,
      "Brent": 61.756373937677054,
      "OPEC": 63.92823418319169,
      "ESPO": 58.73465533522191,
      "Indian": 59.301227573182246
    },
    "MAE_mean": 1.113765001296997,
    "RMSE_mean": 1.7418941259384155,
    "MAPE_mean": 1.3491894006729126,
    "R2_mean": 0.9817137718200684,
    "DA_mean": 60.321057601510844
  },
  "calm": {
    "MAE": {
      "WTI": 0.9078121185302734,
      "Brent": 1.5042343139648438,
      "OPEC": 1.062744140625,
      "ESPO": 1.2075939178466797,
      "Indian": 1.1207962036132812
    },
    "RMSE": {
      "WTI": 1.1494321823120117,
      "Brent": 1.840519905090332,
      "OPEC": 1.5293551683425903,
      "ESPO": 1.856555461883545,
      "Indian": 1.6242859363555908
    },
    "MAPE": {
      "WTI": 0.9762768745422363,
      "Brent": 1.5257965326309204,
      "OPEC": 1.112001895904541,
      "ESPO": 1.2494972944259644,
      "Indian": 1.176960825920105
    },
    "R2": {
      "WTI": 0.2929763197898865,
      "Brent": 0.00455927848815918,
      "OPEC": -0.1517568826675415,
      "ESPO": -0.44422292709350586,
      "Indian": -0.3012850284576416
    },
    "DA": {
      "WTI": 57.14285714285714,
      "Brent": 42.857142857142854,
      "OPEC": 57.14285714285714,
      "ESPO": 57.14285714285714,
      "Indian": 57.14285714285714
    },
    "MAE_mean": 1.1606361865997314,
    "RMSE_mean": 1.600029706954956,
    "MAPE_mean": 1.2081067562103271,
    "R2_mean": -0.11994584649801254,
    "DA_mean": 54.28571428571429
  },
  "crisis": {
    "MAE": {
      "WTI": 1.1546449661254883,
      "Brent": 1.187467336654663,
      "OPEC": 1.0543633699417114,
      "ESPO": 1.1053720712661743,
      "Indian": 1.0651952028274536
    },
    "RMSE": {
      "WTI": 1.7014707326889038,
      "Brent": 1.7174471616744995,
      "OPEC": 1.7337653636932373,
      "ESPO": 1.7842440605163574,
      "Indian": 1.7770757675170898
    },
    "MAPE": {
      "WTI": 1.439188838005066,
      "Brent": 1.3967584371566772,
      "OPEC": 1.2224173545837402,
      "ESPO": 1.4617143869400024,
      "Indian": 1.2312321662902832
    },
    "R2": {
      "WTI": 0.9839769005775452,
      "Brent": 0.9855385422706604,
      "OPEC": 0.9859543442726135,
      "ESPO": 0.9676499366760254,
      "Indian": 0.984451949596405
    },
    "DA": {
      "WTI": 57.84966698382493,
      "Brent": 61.84586108468125,
      "OPEC": 63.939105613701244,
      "ESPO": 58.705994291151285,
      "Indian": 59.27687916270219
    },
    "MAE_mean": 1.1134085655212402,
    "RMSE_mean": 1.7428004741668701,
    "MAPE_mean": 1.3502622842788696,
    "R2_mean": 0.9815143346786499,
    "DA_mean": 60.32350142721218
  }
}