{
  "rmse": 1.08279287815094,
  "mae": 0.9095239639282227,
  "r2": -158.66575622558594,
  "mape": 214.12782287597656,
  "directional_accuracy": 0.0,
  "test_samples": 129
}