{
  "rmse": 1.0987871885299683,
  "mae": 0.8842321634292603,
  "r2": -163.41754150390625,
  "mape": 227.4635009765625,
  "directional_accuracy": 0.0,
  "test_samples": 129
}