{
  "rmse": 75.893798828125,
  "mae": 42.63259506225586,
  "r2": 0.318337082862854,
  "mape": 59.14832305908203,
  "directional_accuracy": 50.78125,
  "test_samples": 129
}