{
  "WTI": {
    "MAE": 6.135421276092529,
    "RMSE": 7.856502532958984,
    "MAPE": 7.807699680328369,
    "R2": 0.6273773908615112,
    "Pearson": 0.8163167996975706
  },
  "Brent": {
    "MAE": 6.525909900665283,
    "RMSE": 8.397674560546875,
    "MAPE": 7.784059047698975,
    "R2": 0.616315484046936,
    "Pearson": 0.8140710067057785
  },
  "OPEC": {
    "MAE": 6.288187503814697,
    "RMSE": 9.578140258789062,
    "MAPE": 7.420436382293701,
    "R2": 0.5392745733261108,
    "Pearson": 0.759356814360275
  },
  "ESPO": {
    "MAE": 5.890605449676514,
    "RMSE": 8.12890911102295,
    "MAPE": 7.9570770263671875,
    "R2": 0.25782257318496704,
    "Pearson": 0.6304078374733263
  },
  "Indian": {
    "MAE": 6.486913681030273,
    "RMSE": 10.314482688903809,
    "MAPE": 7.59279727935791,
    "R2": 0.43069106340408325,
    "Pearson": 0.6947609684454988
  },
  "overall": {
    "mean_MAE": 6.265407562255859,
    "mean_RMSE": 8.855141830444335
  }
}