{
  "WTI": {
    "MAE": 1.174001932144165,
    "RMSE": 1.7034000158309937,
    "MAPE": 1.4583969116210938,
    "R2": 0.9839352369308472,
    "Pearson": 0.992052182884937
  },
  "Brent": {
    "MAE": 1.1956489086151123,
    "RMSE": 1.7287083864212036,
    "MAPE": 1.4019297361373901,
    "R2": 0.9853320717811584,
    "Pearson": 0.9927127788660233
  },
  "OPEC": {
    "MAE": 1.0569218397140503,
    "RMSE": 1.721396565437317,
    "MAPE": 1.2215749025344849,
    "R2": 0.98603755235672,
    "Pearson": 0.9930608201791361
  },
  "ESPO": {
    "MAE": 1.098969578742981,
    "RMSE": 1.7708171606063843,
    "MAPE": 1.454189658164978,
    "R2": 0.9697014689445496,
    "Pearson": 0.9847345646722914
  },
  "Indian": {
    "MAE": 1.0689492225646973,
    "RMSE": 1.774216890335083,
    "MAPE": 1.2351996898651123,
    "R2": 0.9843858480453491,
    "Pearson": 0.992272164757732
  },
  "overall": {
    "mean_MAE": 1.118898296356201,
    "mean_RMSE": 1.7397078037261964
  }
}