{
  "WTI": {
    "MAE": 4.741654396057129,
    "RMSE": 6.400102615356445,
    "MAPE": 5.9151434898376465,
    "R2": 0.7730370759963989,
    "Pearson": 0.8897822958875203
  },
  "Brent": {
    "MAE": 5.151798725128174,
    "RMSE": 7.143081188201904,
    "MAPE": 6.029500484466553,
    "R2": 0.7491529583930969,
    "Pearson": 0.8793075765399815
  },
  "OPEC": {
    "MAE": 4.740327835083008,
    "RMSE": 6.676558971405029,
    "MAPE": 5.629473686218262,
    "R2": 0.7693969011306763,
    "Pearson": 0.8875773028080239
  },
  "ESPO": {
    "MAE": 4.260100364685059,
    "RMSE": 5.516701698303223,
    "MAPE": 5.821710586547852,
    "R2": 0.6779468655586243,
    "Pearson": 0.8338206326778549
  },
  "Indian": {
    "MAE": 4.901486396789551,
    "RMSE": 6.974004745483398,
    "MAPE": 5.812143802642822,
    "R2": 0.7167410850524902,
    "Pearson": 0.8620422495816465
  },
  "overall": {
    "mean_MAE": 4.759073543548584,
    "mean_RMSE": 6.54208984375
  }
}