{
  "WTI": {
    "MAE": 1.1153303384780884,
    "RMSE": 1.5680077075958252,
    "MAPE": 1.3916962146759033,
    "R2": 0.9864274263381958,
    "Pearson": 0.9931960325653596
  },
  "Brent": {
    "MAE": 1.1625080108642578,
    "RMSE": 1.645153522491455,
    "MAPE": 1.3673725128173828,
    "R2": 0.9868068695068359,
    "Pearson": 0.9934035562016205
  },
  "OPEC": {
    "MAE": 0.9847036600112915,
    "RMSE": 1.4652791023254395,
    "MAPE": 1.1572017669677734,
    "R2": 0.9888815879821777,
    "Pearson": 0.9944351602297464
  },
  "ESPO": {
    "MAE": 1.0403791666030884,
    "RMSE": 1.5449405908584595,
    "MAPE": 1.3895676136016846,
    "R2": 0.9742265939712524,
    "Pearson": 0.9870795579535838
  },
  "Indian": {
    "MAE": 0.989065408706665,
    "RMSE": 1.5204877853393555,
    "MAPE": 1.1686351299285889,
    "R2": 0.9864911437034607,
    "Pearson": 0.9932464477042681
  },
  "overall": {
    "mean_MAE": 1.0583973169326781,
    "mean_RMSE": 1.548773741722107
  }
}