{
  "WTI": {
    "MAE": 2.484532117843628,
    "RMSE": 3.631009578704834,
    "MAPE": 3.0958127975463867,
    "R2": 0.9270645380020142,
    "Pearson": 0.9639015927792757
  },
  "Brent": {
    "MAE": 2.6089468002319336,
    "RMSE": 3.850043535232544,
    "MAPE": 3.0545647144317627,
    "R2": 0.9273062944412231,
    "Pearson": 0.9641184424400908
  },
  "OPEC": {
    "MAE": 2.3799078464508057,
    "RMSE": 3.8174755573272705,
    "MAPE": 2.801257848739624,
    "R2": 0.9282807111740112,
    "Pearson": 0.9637788203959603
  },
  "ESPO": {
    "MAE": 2.2950050830841064,
    "RMSE": 3.440903425216675,
    "MAPE": 3.098362445831299,
    "R2": 0.879056453704834,
    "Pearson": 0.9389140888655969
  },
  "Indian": {
    "MAE": 2.4723310470581055,
    "RMSE": 4.128693580627441,
    "MAPE": 2.900721788406372,
    "R2": 0.9095314741134644,
    "Pearson": 0.9540688983137006
  },
  "overall": {
    "mean_MAE": 2.4481445789337157,
    "mean_RMSE": 3.773625135421753
  }
}