{
  "WTI": {
    "MAE": 3.311692714691162,
    "RMSE": 4.730062484741211,
    "MAPE": 4.114765167236328,
    "R2": 0.8760305047035217,
    "Pearson": 0.9449611667271031
  },
  "Brent": {
    "MAE": 3.590738534927368,
    "RMSE": 5.238138198852539,
    "MAPE": 4.1933183670043945,
    "R2": 0.8651062846183777,
    "Pearson": 0.9405150208974028
  },
  "OPEC": {
    "MAE": 3.277761936187744,
    "RMSE": 4.807750225067139,
    "MAPE": 3.909243583679199,
    "R2": 0.8804241418838501,
    "Pearson": 0.9442652354098691
  },
  "ESPO": {
    "MAE": 3.319509744644165,
    "RMSE": 4.6672844886779785,
    "MAPE": 4.4988274574279785,
    "R2": 0.769486129283905,
    "Pearson": 0.8914470405085196
  },
  "Indian": {
    "MAE": 3.432511329650879,
    "RMSE": 5.043189525604248,
    "MAPE": 4.111386775970459,
    "R2": 0.8518745303153992,
    "Pearson": 0.9307660292884536
  },
  "overall": {
    "mean_MAE": 3.386442852020264,
    "mean_RMSE": 4.897284984588623
  }
}