{
  "WTI": {
    "MAE": 3.3684842586517334,
    "RMSE": 4.688058853149414,
    "MAPE": 4.224681377410889,
    "R2": 0.8786200881004333,
    "Pearson": 0.9389324970028311
  },
  "Brent": {
    "MAE": 3.618865489959717,
    "RMSE": 5.005187034606934,
    "MAPE": 4.272887229919434,
    "R2": 0.8775485157966614,
    "Pearson": 0.9384953452154854
  },
  "OPEC": {
    "MAE": 3.264857530593872,
    "RMSE": 4.568477153778076,
    "MAPE": 3.893388032913208,
    "R2": 0.892218828201294,
    "Pearson": 0.9458057726273577
  },
  "ESPO": {
    "MAE": 3.134636402130127,
    "RMSE": 4.318060874938965,
    "MAPE": 4.248860836029053,
    "R2": 0.7954970598220825,
    "Pearson": 0.8987203649712974
  },
  "Indian": {
    "MAE": 3.2816615104675293,
    "RMSE": 4.632360458374023,
    "MAPE": 3.9309887886047363,
    "R2": 0.8747237920761108,
    "Pearson": 0.9371738301288279
  },
  "overall": {
    "mean_MAE": 3.3337010383605956,
    "mean_RMSE": 4.642428874969482
  }
}