{
  "WTI": {
    "MAE": 4.139291286468506,
    "RMSE": 5.399073123931885,
    "MAPE": 5.223697185516357,
    "R2": 0.8372768759727478,
    "Pearson": 0.9182968322499877
  },
  "Brent": {
    "MAE": 4.501250267028809,
    "RMSE": 6.024928569793701,
    "MAPE": 5.334343910217285,
    "R2": 0.8200523257255554,
    "Pearson": 0.9100393441934128
  },
  "OPEC": {
    "MAE": 4.068341255187988,
    "RMSE": 5.453798770904541,
    "MAPE": 4.882617473602295,
    "R2": 0.8452244400978088,
    "Pearson": 0.9225044575163708
  },
  "ESPO": {
    "MAE": 4.044248580932617,
    "RMSE": 5.242513656616211,
    "MAPE": 5.483297824859619,
    "R2": 0.6886253356933594,
    "Pearson": 0.8493072652134533
  },
  "Indian": {
    "MAE": 4.170438766479492,
    "RMSE": 5.620238304138184,
    "MAPE": 5.025619983673096,
    "R2": 0.8136324882507324,
    "Pearson": 0.9066928608076192
  },
  "overall": {
    "mean_MAE": 4.184714031219483,
    "mean_RMSE": 5.548110485076904
  }
}