{
  "WTI": {
    "MAE": 1.1527342796325684,
    "RMSE": 1.6982970237731934,
    "MAPE": 1.4357408285140991,
    "R2": 0.984058678150177,
    "Pearson": 0.992022509800669
  },
  "Brent": {
    "MAE": 1.1846338510513306,
    "RMSE": 1.718621850013733,
    "MAPE": 1.3932636976242065,
    "R2": 0.9855413436889648,
    "Pearson": 0.9927648791914649
  },
  "OPEC": {
    "MAE": 1.0505282878875732,
    "RMSE": 1.7270535230636597,
    "MAPE": 1.2135512828826904,
    "R2": 0.986029863357544,
    "Pearson": 0.9929979739485589
  },
  "ESPO": {
    "MAE": 1.099144697189331,
    "RMSE": 1.7820565700531006,
    "MAPE": 1.4516613483428955,
    "R2": 0.9686679840087891,
    "Pearson": 0.9842418554815667
  },
  "Indian": {
    "MAE": 1.0595744848251343,
    "RMSE": 1.7729464769363403,
    "MAPE": 1.2236976623535156,
    "R2": 0.9844961762428284,
    "Pearson": 0.992237715258755
  },
  "overall": {
    "mean_MAE": 1.1093231201171876,
    "mean_RMSE": 1.7397950887680054
  }
}