{
  "overall": {
    "MAE": {
      "WTI": 3.314235210418701,
      "Brent": 3.5705082416534424,
      "OPEC": 3.2638661861419678,
      "ESPO": 3.321413040161133,
      "Indian": 3.4265530109405518
    },
    "RMSE": {
      "WTI": 4.711578369140625,
      "Brent": 5.202086925506592,
      "OPEC": 4.784635543823242,
      "ESPO": 4.670233726501465,
      "Indian": 5.035524845123291
    },
    "MAPE": {
      "WTI": 4.119453430175781,
      "Brent": 4.168577194213867,
      "OPEC": 3.892679214477539,
      "ESPO": 4.503375053405762,
      "Indian": 4.105243682861328
    },
    "R2": {
      "WTI": 0.8769975304603577,
      "Brent": 0.8669565916061401,
      "OPEC": 0.8815711140632629,
      "ESPO": 0.7691949605941772,
      "Indian": 0.852324366569519
    },
    "DA": {
      "WTI": 47.47378455672069,
      "Brent": 48.99904671115348,
      "OPEC": 49.57102001906578,
      "ESPO": 48.14108674928504,
      "Indian": 42.13536701620591
    },
    "MAE_mean": 3.379315137863159,
    "RMSE_mean": 4.88081169128418,
    "MAPE_mean": 4.15786600112915,
    "R2_mean": 0.8494089245796204,
    "DA_mean": 47.26406101048618
  },
  "calm": {
    "MAE": {
      "WTI": 1.3721237182617188,
      "Brent": 1.5802412033081055,
      "OPEC": 1.872262954711914,
      "ESPO": 2.6017980575561523,
      "Indian": 1.9305658340454102
    },
    "RMSE": {
      "WTI": 1.504105806350708,
      "Brent": 1.9322563409805298,
      "OPEC": 2.2211954593658447,
      "ESPO": 3.016221046447754,
      "Indian": 2.291097640991211
    },
    "MAPE": {
      "WTI": 1.4806536436080933,
      "Brent": 1.607227087020874,
      "OPEC": 1.9571919441223145,
      "ESPO": 2.695251941680908,
      "Indian": 2.0257444381713867
    },
    "R2": {
      "WTI": -0.21066510677337646,
      "Brent": -0.09714460372924805,
      "OPEC": -1.429504156112671,
      "ESPO": -2.8119280338287354,
      "Indian": -1.5890157222747803
    },
    "DA": {
      "WTI": 57.14285714285714,
      "Brent": 28.57142857142857,
      "OPEC": 85.71428571428571,
      "ESPO": 57.14285714285714,
      "Indian": 28.57142857142857
    },
    "MAE_mean": 1.8713983297348022,
    "RMSE_mean": 2.1929752826690674,
    "MAPE_mean": 1.9532139301300049,
    "R2_mean": -1.227651596069336,
    "DA_mean": 51.42857142857142
  },
  "crisis": {
    "MAE": {
      "WTI": 3.329145908355713,
      "Brent": 3.5857889652252197,
      "OPEC": 3.274550437927246,
      "ESPO": 3.3269379138946533,
      "Indian": 3.4380385875701904
    },
    "RMSE": {
      "WTI": 4.727794170379639,
      "Brent": 5.219273090362549,
      "OPEC": 4.799022674560547,
      "ESPO": 4.6806721687316895,
      "Indian": 5.050830364227295
    },
    "MAPE": {
      "WTI": 4.139713287353516,
      "Brent": 4.188241958618164,
      "OPEC": 3.9075393676757812,
      "ESPO": 4.517256259918213,
      "Indian": 4.121209144592285
    },
    "R2": {
      "WTI": 0.8759518265724182,
      "Brent": 0.8658345937728882,
      "OPEC": 0.8810263276100159,
      "ESPO": 0.7602525949478149,
      "Indian": 0.8514488339424133
    },
    "DA": {
      "WTI": 47.45437079731028,
      "Brent": 49.08741594620557,
      "OPEC": 49.375600384245914,
      "ESPO": 48.126801152737755,
      "Indian": 42.267050912584054
    },
    "MAE_mean": 3.390892505645752,
    "RMSE_mean": 4.8955183029174805,
    "MAPE_mean": 4.1747918128967285,
    "R2_mean": 0.8469028472900391,
    "DA_mean": 47.262247838616716
  }
}