{
  "h1": {
    "overall": {
      "MAE": {
        "WTI": 1.1197290420532227,
        "Brent": 1.2223265171051025,
        "OPEC": 1.027747631072998,
        "ESPO": 1.2057584524154663,
        "Indian": 1.057874321937561
      },
      "RMSE": {
        "WTI": 1.5811371803283691,
        "Brent": 1.7013381719589233,
        "OPEC": 1.493637204170227,
        "ESPO": 1.6472666263580322,
        "Indian": 1.578521728515625
      },
      "MAPE": {
        "WTI": 1.398345708847046,
        "Brent": 1.4566199779510498,
        "OPEC": 1.200609803199768,
        "ESPO": 1.6320858001708984,
        "Indian": 1.2668607234954834
      },
      "R2": {
        "WTI": 0.986199140548706,
        "Brent": 0.9858903288841248,
        "OPEC": 0.9884470701217651,
        "ESPO": 0.9706994295120239,
        "Indian": 0.985440194606781
      },
      "DA": {
        "WTI": 58.15533980582524,
        "Brent": 62.71844660194175,
        "OPEC": 63.398058252427184,
        "ESPO": 58.83495145631068,
        "Indian": 58.64077669902913
      },
      "MAE_mean": 1.1266871690750122,
      "RMSE_mean": 1.6003801822662354,
      "MAPE_mean": 1.390904426574707,
      "R2_mean": 0.9833351969718933,
      "DA_mean": 60.3495145631068
    },
    "calm": {
      "MAE": {
        "WTI": 0.9042253494262695,
        "Brent": 1.5149288177490234,
        "OPEC": 1.1267786026000977,
        "ESPO": 1.2147150039672852,
        "Indian": 1.110896110534668
      },
      "RMSE": {
        "WTI": 1.1501829624176025,
        "Brent": 1.8310521841049194,
        "OPEC": 1.7373367547988892,
        "ESPO": 1.8746016025543213,
        "Indian": 1.6679487228393555
      },
      "MAPE": {
        "WTI": 0.9715275764465332,
        "Brent": 1.5378183126449585,
        "OPEC": 1.175784945487976,
        "ESPO": 1.2564502954483032,
        "Indian": 1.1658713817596436
      },
      "R2": {
        "WTI": 0.29205232858657837,
        "Brent": 0.014774024486541748,
        "OPEC": -0.4863191843032837,
        "ESPO": -0.4724355936050415,
        "Indian": -0.3721855878829956
      },
      "DA": {
        "WTI": 57.14285714285714,
        "Brent": 42.857142857142854,
        "OPEC": 57.14285714285714,
        "ESPO": 57.14285714285714,
        "Indian": 57.14285714285714
      },
      "MAE_mean": 1.1743087768554688,
      "RMSE_mean": 1.6522243022918701,
      "MAPE_mean": 1.221490502357483,
      "R2_mean": -0.20482280850410461,
      "DA_mean": 54.28571428571429
    },
    "crisis": {
      "MAE": {
        "WTI": 1.1214145421981812,
        "Brent": 1.2200381755828857,
        "OPEC": 1.026973009109497,
        "ESPO": 1.2056885957717896,
        "Indian": 1.0574597120285034
      },
      "RMSE": {
        "WTI": 1.58404541015625,
        "Brent": 1.7002849578857422,
        "OPEC": 1.4915746450424194,
        "ESPO": 1.6453649997711182,
        "Indian": 1.5778025388717651
      },
      "MAPE": {
        "WTI": 1.4016833305358887,
        "Brent": 1.4559849500656128,
        "OPEC": 1.2008038759231567,
        "ESPO": 1.6350233554840088,
        "Indian": 1.2676504850387573
      },
      "R2": {
        "WTI": 0.9861288666725159,
        "Brent": 0.9858850836753845,
        "OPEC": 0.9884969592094421,
        "ESPO": 0.9697455763816833,
        "Indian": 0.9854568839073181
      },
      "DA": {
        "WTI": 58.121330724070454,
        "Brent": 62.81800391389433,
        "OPEC": 63.405088062622305,
        "ESPO": 58.80626223091977,
        "Indian": 58.6105675146771
      },
      "MAE_mean": 1.1263148784637451,
      "RMSE_mean": 1.5998146533966064,
      "MAPE_mean": 1.3922293186187744,
      "R2_mean": 0.9831426739692688,
      "DA_mean": 60.352250489236795
    }
  },
  "h7": {
    "overall": {
      "MAE": {
        "WTI": 3.384260416030884,
        "Brent": 3.598689079284668,
        "OPEC": 3.2790699005126953,
        "ESPO": 3.165193557739258,
        "Indian": 3.329104423522949
      },
      "RMSE": {
        "WTI": 4.701651096343994,
        "Brent": 5.016550064086914,
        "OPEC": 4.619333267211914,
        "ESPO": 4.367633819580078,
        "Indian": 4.700530052185059
      },
      "MAPE": {
        "WTI": 4.258876800537109,
        "Brent": 4.235300064086914,
        "OPEC": 3.9168219566345215,
        "ESPO": 4.303117752075195,
        "Indian": 3.9980244636535645
      },
      "R2": {
        "WTI": 0.8779153227806091,
        "Brent": 0.8769917488098145,
        "OPEC": 0.889805793762207,
        "ESPO": 0.7907745838165283,
        "Indian": 0.8710095882415771
      },
      "DA": {
        "WTI": 46.990291262135926,
        "Brent": 47.57281553398058,
        "OPEC": 48.737864077669904,
        "ESPO": 45.8252427184466,
        "Indian": 42.71844660194174
      },
      "MAE_mean": 3.3512635231018066,
      "RMSE_mean": 4.6811394691467285,
      "MAPE_mean": 4.142428398132324,
      "R2_mean": 0.8612993955612183,
      "DA_mean": 46.36893203883495
    },
    "calm": {
      "MAE": {
        "WTI": 6.951022148132324,
        "Brent": 7.631103515625,
        "OPEC": 8.00265884399414,
        "ESPO": 3.12225341796875,
        "Indian": 7.644189834594727
      },
      "RMSE": {
        "WTI": 9.734298706054688,
        "Brent": 10.81718921661377,
        "OPEC": 10.44723892211914,
        "ESPO": 3.417633295059204,
        "Indian": 10.438909530639648
      },
      "MAPE": {
        "WTI": 6.61251974105835,
        "Brent": 6.755982398986816,
        "OPEC": 7.388411998748779,
        "ESPO": 3.1518633365631104,
        "Indian": 7.030393123626709
      },
      "R2": {
        "WTI": -0.7753092050552368,
        "Brent": -1.0222997665405273,
        "OPEC": -1.0926239490509033,
        "ESPO": -1.502561092376709,
        "Indian": -0.9149898290634155
      },
      "DA": {
        "WTI": 42.857142857142854,
        "Brent": 71.42857142857143,
        "OPEC": 57.14285714285714,
        "ESPO": 57.14285714285714,
        "Indian": 57.14285714285714
      },
      "MAE_mean": 6.670245170593262,
      "RMSE_mean": 8.971054077148438,
      "MAPE_mean": 6.1878342628479,
      "R2_mean": -1.0615568161010742,
      "DA_mean": 57.14285714285713
    },
    "crisis": {
      "MAE": {
        "WTI": 3.35636830329895,
        "Brent": 3.5671546459198,
        "OPEC": 3.242130994796753,
        "ESPO": 3.165529251098633,
        "Indian": 3.295360565185547
      },
      "RMSE": {
        "WTI": 4.640837669372559,
        "Brent": 4.944443702697754,
        "OPEC": 4.544402599334717,
        "ESPO": 4.374250411987305,
        "Indian": 4.62769889831543
      },
      "MAPE": {
        "WTI": 4.240471839904785,
        "Brent": 4.215588092803955,
        "OPEC": 3.889674663543701,
        "ESPO": 4.3121209144592285,
        "Indian": 3.9743106365203857
      },
      "R2": {
        "WTI": 0.8795055747032166,
        "Brent": 0.8786570429801941,
        "OPEC": 0.8921293020248413,
        "ESPO": 0.779830813407898,
        "Indian": 0.8731113076210022
      },
      "DA": {
        "WTI": 46.96673189823875,
        "Brent": 47.35812133072407,
        "OPEC": 48.7279843444227,
        "ESPO": 45.79256360078278,
        "Indian": 42.66144814090019
      },
      "MAE_mean": 3.3253090381622314,
      "RMSE_mean": 4.626326560974121,
      "MAPE_mean": 4.126433372497559,
      "R2_mean": 0.8606468439102173,
      "DA_mean": 46.301369863013704
    }
  },
  "h14": {
    "overall": {
      "MAE": {
        "WTI": 4.1353888511657715,
        "Brent": 4.464838981628418,
        "OPEC": 4.128242492675781,
        "ESPO": 4.0447773933410645,
        "Indian": 4.149888038635254
      },
      "RMSE": {
        "WTI": 5.434375762939453,
        "Brent": 6.007017612457275,
        "OPEC": 5.556517601013184,
        "ESPO": 5.277724266052246,
        "Indian": 5.613101482391357
      },
      "MAPE": {
        "WTI": 5.191994667053223,
        "Brent": 5.267435073852539,
        "OPEC": 4.971149444580078,
        "ESPO": 5.476771831512451,
        "Indian": 4.994087219238281
      },