{
  "h1": {
    "overall": {
      "MAE": {
        "WTI": 1.115330696105957,
        "Brent": 1.1625080108642578,
        "OPEC": 0.984704315662384,
        "ESPO": 1.0403794050216675,
        "Indian": 0.989065945148468
      },
      "RMSE": {
        "WTI": 1.5680077075958252,
        "Brent": 1.6451529264450073,
        "OPEC": 1.4652793407440186,
        "ESPO": 1.5449408292770386,
        "Indian": 1.5204877853393555
      },
      "MAPE": {
        "WTI": 1.391695261001587,
        "Brent": 1.3673728704452515,
        "OPEC": 1.1572010517120361,
        "ESPO": 1.3895668983459473,
        "Indian": 1.1686345338821411
      },
      "R2": {
        "WTI": 0.9864274263381958,
        "Brent": 0.9868068695068359,
        "OPEC": 0.9888815879821777,
        "ESPO": 0.9742265939712524,
        "Indian": 0.9864910840988159
      },
      "DA": {
        "WTI": 58.05825242718446,
        "Brent": 62.33009708737865,
        "OPEC": 63.980582524271846,
        "ESPO": 58.93203883495146,
        "Indian": 59.126213592233015
      },
      "MAE_mean": 1.058397650718689,
      "RMSE_mean": 1.5487737655639648,
      "MAPE_mean": 1.2948939800262451,
      "R2_mean": 0.9845666885375977,
      "DA_mean": 60.4854368932039
    },
    "calm": {
      "MAE": {
        "WTI": 0.9078350067138672,
        "Brent": 1.4926767349243164,
        "OPEC": 1.033940315246582,
        "ESPO": 1.207575798034668,
        "Indian": 1.1208934783935547
      },
      "RMSE": {
        "WTI": 1.149424433708191,
        "Brent": 1.8335561752319336,
        "OPEC": 1.592049241065979,
        "ESPO": 1.8335676193237305,
        "Indian": 1.6174209117889404
      },
      "MAPE": {
        "WTI": 0.9762682914733887,
        "Brent": 1.5144588947296143,
        "OPEC": 1.0800869464874268,
        "ESPO": 1.2498565912246704,
        "Indian": 1.177192211151123
      },
      "R2": {
        "WTI": 0.292985737323761,
        "Brent": 0.012077569961547852,
        "OPEC": -0.24812209606170654,
        "ESPO": -0.408679723739624,
        "Indian": -0.2903085947036743
      },
      "DA": {
        "WTI": 57.14285714285714,
        "Brent": 42.857142857142854,
        "OPEC": 57.14285714285714,
        "ESPO": 57.14285714285714,
        "Indian": 57.14285714285714
      },
      "MAE_mean": 1.1525843143463135,
      "RMSE_mean": 1.605203628540039,
      "MAPE_mean": 1.1995725631713867,
      "R2_mean": -0.12840941548347473,
      "DA_mean": 54.28571428571429
    },
    "crisis": {
      "MAE": {
        "WTI": 1.1169533729553223,
        "Brent": 1.1599260568618774,
        "OPEC": 0.9843192100524902,
        "ESPO": 1.0390721559524536,
        "Indian": 0.9880350232124329
      },
      "RMSE": {
        "WTI": 1.5708414316177368,
        "Brent": 1.6435946226119995,
        "OPEC": 1.4642447233200073,
        "ESPO": 1.5424708127975464,
        "Indian": 1.5197052955627441
      },
      "MAPE": {
        "WTI": 1.3949440717697144,
        "Brent": 1.3662227392196655,
        "OPEC": 1.1578041315078735,
        "ESPO": 1.3906594514846802,
        "Indian": 1.1685677766799927
      },
      "R2": {
        "WTI": 0.9863591194152832,
        "Brent": 0.9868106245994568,
        "OPEC": 0.9889146089553833,
        "ESPO": 0.9734112620353699,
        "Indian": 0.9865081310272217
      },
      "DA": {
        "WTI": 58.023483365949126,
        "Brent": 62.426614481409004,
        "OPEC": 63.992172211350294,
        "ESPO": 58.9041095890411,
        "Indian": 59.099804305283755
      },
      "MAE_mean": 1.0576611757278442,
      "RMSE_mean": 1.5481714010238647,
      "MAPE_mean": 1.2956396341323853,
      "R2_mean": 0.984400749206543,
      "DA_mean": 60.489236790606654
    }
  },
  "h7": {
    "overall": {
      "MAE": {
        "WTI": 3.3684847354888916,
        "Brent": 3.6188671588897705,
        "OPEC": 3.264857769012451,
        "ESPO": 3.1346378326416016,
        "Indian": 3.2816619873046875
      },
      "RMSE": {
        "WTI": 4.688059329986572,
        "Brent": 5.005186080932617,
        "OPEC": 4.568477153778076,
        "ESPO": 4.318060398101807,
        "Indian": 4.63236141204834
      },
      "MAPE": {
        "WTI": 4.224682807922363,
        "Brent": 4.272885799407959,
        "OPEC": 3.8933868408203125,
        "ESPO": 4.248862266540527,
        "Indian": 3.9309873580932617
      },
      "R2": {
        "WTI": 0.8786201477050781,
        "Brent": 0.8775483965873718,
        "OPEC": 0.892218828201294,
        "ESPO": 0.7954971790313721,
        "Indian": 0.8747237920761108
      },
      "DA": {
        "WTI": 47.0873786407767,
        "Brent": 47.86407766990291,
        "OPEC": 47.86407766990291,
        "ESPO": 46.213592233009706,
        "Indian": 43.10679611650485
      },
      "MAE_mean": 3.3337020874023438,
      "RMSE_mean": 4.642428398132324,
      "MAPE_mean": 4.114161014556885,
      "R2_mean": 0.8637216687202454,
      "DA_mean": 46.42718446601942
    },
    "calm": {
      "MAE": {
        "WTI": 6.918062210083008,
        "Brent": 7.425191879272461,
        "OPEC": 8.264472007751465,
        "ESPO": 3.5454463958740234,
        "Indian": 8.125761985778809
      },
      "RMSE": {
        "WTI": 9.860967636108398,
        "Brent": 10.605701446533203,
        "OPEC": 10.65522575378418,
        "ESPO": 3.8834235668182373,
        "Indian": 10.779550552368164
      },
      "MAPE": {
        "WTI": 6.562209129333496,
        "Brent": 6.566113471984863,
        "OPEC": 7.643605709075928,
        "ESPO": 3.574558734893799,
        "Indian": 7.505074977874756
      },
      "R2": {
        "WTI": -0.821812629699707,
        "Brent": -0.9439966678619385,
        "OPEC": -1.176774263381958,
        "ESPO": -2.2311959266662598,
        "Indian": -1.042008399963379
      },
      "DA": {
        "WTI": 42.857142857142854,
        "Brent": 71.42857142857143,
        "OPEC": 57.14285714285714,
        "ESPO": 57.14285714285714,
        "Indian": 57.14285714285714
      },
      "MAE_mean": 6.8557868003845215,
      "RMSE_mean": 9.156972885131836,
      "MAPE_mean": 6.370312690734863,
      "R2_mean": -1.2431576251983643,
      "DA_mean": 57.14285714285713
    },
    "crisis": {
      "MAE": {
        "WTI": 3.340726852416992,
        "Brent": 3.5891003608703613,
        "OPEC": 3.2257606983184814,
        "ESPO": 3.1314244270324707,
        "Indian": 3.2437808513641357
      },
      "RMSE": {
        "WTI": 4.6248626708984375,
        "Brent": 4.93641471862793,
        "OPEC": 4.488468170166016,
        "ESPO": 4.321287155151367,
        "Indian": 4.551690578460693
      },
      "MAPE": {
        "WTI": 4.206404685974121,
        "Brent": 4.254951477050781,
        "OPEC": 3.8640599250793457,
        "ESPO": 4.2541351318359375,
        "Indian": 3.9030377864837646
      },
      "R2": {
        "WTI": 0.8803337216377258,
        "Brent": 0.8790507912635803,
        "OPEC": 0.8947684168815613,
        "ESPO": 0.7851301431655884,
        "Indian": 0.877245306968689
      },
      "DA": {
        "WTI": 47.064579256360076,
        "Brent": 47.651663405088065,
        "OPEC": 47.84735812133072,
        "ESPO": 46.1839530332681,
        "Indian": 43.05283757338552
      },
      "MAE_mean": 3.3061585426330566,
      "RMSE_mean": 4.584544658660889,
      "MAPE_mean": 4.096518039703369,
      "R2_mean": 0.8633056879043579,
      "DA_mean": 46.3600782778865
    }
  },
  "h14": {
    "overall": {
      "MAE": {
        "WTI": 4.139293193817139,
        "Brent": 4.501249313354492,
        "OPEC": 4.068340301513672,
        "ESPO": 4.044246196746826,
        "Indian": 4.170444011688232
      },
      "RMSE": {
        "WTI": 5.399073600769043,
        "Brent": 6.024929523468018,
        "OPEC": 5.453800201416016,
        "ESPO": 5.242510795593262,
        "Indian": 5.620240688323975
      },
      "MAPE": {
        "WTI": 5.223701477050781,
        "Brent": 5.334339141845703,
        "OPEC": 4.882617473602295,
        "ESPO": 5.483297824859619,