{
  "overall": {
    "MAE": {
      "WTI": 1.1740026473999023,
      "Brent": 1.19564950466156,
      "OPEC": 1.0569225549697876,
      "ESPO": 1.0989700555801392,
      "Indian": 1.068948745727539
    },
    "RMSE": {
      "WTI": 1.7034002542495728,
      "Brent": 1.7287081480026245,
      "OPEC": 1.721396565437317,
      "ESPO": 1.7708168029785156,
      "Indian": 1.774216651916504
    },
    "MAPE": {
      "WTI": 1.4583969116210938,
      "Brent": 1.4019285440444946,
      "OPEC": 1.2215749025344849,
      "ESPO": 1.4541888236999512,
      "Indian": 1.2351990938186646
    },
    "R2": {
      "WTI": 0.9839352369308472,
      "Brent": 0.9853320717811584,
      "OPEC": 0.98603755235672,
      "ESPO": 0.9697014689445496,
      "Indian": 0.9843858480453491
    },
    "DA": {
      "WTI": 58.09167446211413,
      "Brent": 61.739943872778305,
      "OPEC": 62.7689429373246,
      "ESPO": 57.90458372310571,
      "Indian": 57.717492984097284
    },
    "MAE_mean": 1.118898630142212,
    "RMSE_mean": 1.739707589149475,
    "MAPE_mean": 1.354257583618164,
    "R2_mean": 0.9818784594535828,
    "DA_mean": 59.64452759588401
  },
  "calm": {
    "MAE": {
      "WTI": 1.0084147453308105,
      "Brent": 1.4446970224380493,
      "OPEC": 0.8784239292144775,
      "ESPO": 0.9199578762054443,
      "Indian": 0.90540611743927
    },
    "RMSE": {
      "WTI": 1.2918483018875122,
      "Brent": 1.759688138961792,
      "OPEC": 1.363535761833191,
      "ESPO": 1.4044102430343628,
      "Indian": 1.38193678855896
    },
    "MAPE": {
      "WTI": 1.101203441619873,
      "Brent": 1.4922981262207031,
      "OPEC": 0.9359729290008545,
      "ESPO": 0.972362220287323,
      "Indian": 0.9675583839416504
    },
    "R2": {
      "WTI": 0.5345773696899414,
      "Brent": 0.6258580684661865,
      "OPEC": 0.5742058753967285,
      "ESPO": 0.624120831489563,
      "Indian": 0.6112855672836304
    },
    "DA": {
      "WTI": 47.05882352941176,
      "Brent": 58.82352941176471,
      "OPEC": 58.82352941176471,
      "ESPO": 47.05882352941176,
      "Indian": 52.94117647058824
    },
    "MAE_mean": 1.0313799381256104,
    "RMSE_mean": 1.440284013748169,
    "MAPE_mean": 1.093878984451294,
    "R2_mean": 0.5940095782279968,
    "DA_mean": 52.94117647058823
  },
  "crisis": {
    "MAE": {
      "WTI": 1.176835536956787,
      "Brent": 1.1913881301879883,
      "OPEC": 1.05997633934021,
      "ESPO": 1.1020328998565674,
      "Indian": 1.0717467069625854
    },
    "RMSE": {
      "WTI": 1.7095800638198853,
      "Brent": 1.7281732559204102,
      "OPEC": 1.7268744707107544,
      "ESPO": 1.776428461074829,
      "Indian": 1.7801764011383057
    },
    "MAPE": {
      "WTI": 1.4645085334777832,
      "Brent": 1.400382399559021,
      "OPEC": 1.2264617681503296,
      "ESPO": 1.4624332189559937,
      "Indian": 1.2397782802581787
    },
    "R2": {
      "WTI": 0.9838237762451172,
      "Brent": 0.9853573441505432,
      "OPEC": 0.9860657453536987,
      "ESPO": 0.9679327607154846,
      "Indian": 0.9843976497650146
    },
    "DA": {
      "WTI": 58.2302568981922,
      "Brent": 61.750713606089434,
      "OPEC": 62.797335870599426,
      "ESPO": 58.03996194100856,
      "Indian": 57.75451950523311
    },
    "MAE_mean": 1.1203958988189697,
    "RMSE_mean": 1.744246482849121,
    "MAPE_mean": 1.358712911605835,
    "R2_mean": 0.9815155267715454,
    "DA_mean": 59.71455756422455
  }
}